franchise_name	channel_count	stream_count	viewer_hours	streamed_hours
slots	279	2068	1064591.16027	4483.77694
virtual casino	38	189	159737.19444	354.54666
poker	142	788	102955.33750	2383.10972
